Measure,LPGA,PGA,difference
total_prize_money,58410411,256726356,-198315945
total_player,100,100,0
total_events,2266,2282,-16
average_prize_money,25776.8804060018,112500.5942156,-86723.7138095986
average_ranking,96.13,3.87,92.26
